{
    "batchName": "",
    "batchTime": 0,
    "boardConf": "",
    "boardCustom": "",
    "boardName": "OAK-D-LITE",
    "boardOptions": 0,
    "boardRev": "R1M1E3",
    "cameraData": [
        [
            2,
            {
                "cameraType": 0,
                "distortionCoeff": [
                    18.883960723876953,
                    -210.0131378173828,
                    -0.001915388973429799,
                    0.002008896553888917,
                    532.8720092773438,
                    18.987834930419922,
                    -210.90773010253906,
                    534.90966796875,
                    0.0,
                    0.0,
                    0.0,
                    0.0,
                    0.0,
                    0.0
                ],
                "extrinsics": {
                    "rotationMatrix": [
                        [
                            0.9999845623970032,
                            0.005384119227528572,
                            -0.001384478178806603
                        ],
                        [
                            -0.005387350916862488,
                            0.9999827742576599,
                            -0.002341167302802205
                        ],
                        [
                            0.0013718492118641734,
                            0.002348589710891247,
                            0.9999963045120239
                        ]
                    ],
                    "specTranslation": {
                        "x": 3.75,
                        "y": 0.0,
                        "z": 0.0
                    },
                    "toCameraSocket": 0,
                    "translation": {
                        "x": 3.781468152999878,
                        "y": -0.01518208347260952,
                        "z": -0.3977380692958832
                    }
                },
                "height": 480,
                "intrinsicMatrix": [
                    [
                        454.0506896972656,
                        0.0,
                        306.4004821777344
                    ],
                    [
                        0.0,
                        454.0506896972656,
                        231.375732421875
                    ],
                    [
                        0.0,
                        0.0,
                        1.0
                    ]
                ],
                "lensPosition": 0,
                "specHfovDeg": 72.9000015258789,
                "width": 640
            }
        ],
        [
            1,
            {
                "cameraType": 0,
                "distortionCoeff": [
                    -10.3748779296875,
                    38.89265823364258,
                    -0.0019430178217589855,
                    0.002669243374839425,
                    -42.021270751953125,
                    -10.374085426330566,
                    38.88148498535156,
                    -42.003055572509766,
                    0.0,
                    0.0,
                    0.0,
                    0.0,
                    0.0,
                    0.0
                ],
                "extrinsics": {
                    "rotationMatrix": [
                        [
                            0.9996472001075745,
                            0.0036654118448495865,
                            -0.026306267827749252
                        ],
                        [
                            -0.003601766424253583,
                            0.9999904632568359,
                            0.002466369653120637
                        ],
                        [
                            0.026315055787563324,
                            -0.002370750531554222,
                            0.9996508955955505
                        ]
                    ],
                    "specTranslation": {
                        "x": -7.5,
                        "y": 0.0,
                        "z": 0.0
                    },
                    "toCameraSocket": 2,
                    "translation": {
                        "x": -7.527125835418701,
                        "y": -0.022751273587346077,
                        "z": 0.07207098603248596
                    }
                },
                "height": 480,
                "intrinsicMatrix": [
                    [
                        455.0719299316406,
                        0.0,
                        331.8497009277344
                    ],
                    [
                        0.0,
                        455.0719299316406,
                        235.4474334716797
                    ],
                    [
                        0.0,
                        0.0,
                        1.0
                    ]
                ],
                "lensPosition": 0,
                "specHfovDeg": 72.9000015258789,
                "width": 640
            }
        ],
        [
            0,
            {
                "cameraType": 0,
                "distortionCoeff": [
                    41.45486068725586,
                    -22.325864791870117,
                    -0.0006830353522673249,
                    0.000713365210685879,
                    295.9483642578125,
                    41.57746887207031,
                    -27.347909927368164,
                    302.0544128417969,
                    0.0,
                    0.0,
                    0.0,
                    0.0,
                    0.0,
                    0.0
                ],
                "extrinsics": {
                    "rotationMatrix": [
                        [
                            0.0,
                            0.0,
                            0.0
                        ],
                        [
                            0.0,
                            0.0,
                            0.0
                        ],
                        [
                            0.0,
                            0.0,
                            0.0
                        ]
                    ],
                    "specTranslation": {
                        "x": -0.0,
                        "y": -0.0,
                        "z": -0.0
                    },
                    "toCameraSocket": -1,
                    "translation": {
                        "x": 0.0,
                        "y": 0.0,
                        "z": 0.0
                    }
                },
                "height": 2160,
                "intrinsicMatrix": [
                    [
                        2972.01123046875,
                        0.0,
                        1937.57861328125
                    ],
                    [
                        0.0,
                        2972.01123046875,
                        1015.1455688476563
                    ],
                    [
                        0.0,
                        0.0,
                        1.0
                    ]
                ],
                "lensPosition": 0,
                "specHfovDeg": 68.7938003540039,
                "width": 3840
            }
        ]
    ],
    "hardwareConf": "",
    "imuExtrinsics": {
        "rotationMatrix": [
            [
                0.0,
                0.0,
                0.0
            ],
            [
                0.0,
                0.0,
                0.0
            ],
            [
                0.0,
                0.0,
                0.0
            ]
        ],
        "specTranslation": {
            "x": 0.0,
            "y": 0.0,
            "z": 0.0
        },
        "toCameraSocket": -1,
        "translation": {
            "x": 0.0,
            "y": 0.0,
            "z": 0.0
        }
    },
    "miscellaneousData": [],
    "productName": "",
    "stereoRectificationData": {
        "leftCameraSocket": 1,